{"cameraMode":{"drawMode":0,"name":"Shaded","section":"Shading Mode"},"sceneLighting":true,"audioPlay":false,"sceneViewState":{"showFog":true,"showMaterialUpdate":false,"showSkybox":true,"showFlares":true,"showImageEffects":true,"showParticleSystems":true},"in2DMode":false,"pivot":{"x":-3130.334228515625,"y":-321.06463623046877,"z":4491.7802734375},"rotation":{"x":0.21330802142620088,"y":0.09508408606052399,"z":-0.020866815000772477,"w":0.9721335172653198},"size":1805.6553955078125,"orthographic":false}