{"cameraMode":{"drawMode":0,"name":"Shaded","section":"Shading Mode"},"sceneLighting":true,"audioPlay":false,"sceneViewState":{"showFog":true,"showMaterialUpdate":false,"showSkybox":true,"showFlares":true,"showImageEffects":true,"showParticleSystems":true},"in2DMode":false,"pivot":{"x":476.060791015625,"y":34.07801818847656,"z":1036.4462890625},"rotation":{"x":-0.02880476601421833,"y":0.008093870244920254,"z":-0.00023325601068791002,"w":-0.9995535016059876},"size":1848.3948974609375,"orthographic":false}