{"cameraMode":{"drawMode":0,"name":"Shaded","section":"Shading Mode"},"sceneLighting":true,"audioPlay":false,"sceneViewState":{"showFog":true,"showMaterialUpdate":false,"showSkybox":true,"showFlares":true,"showImageEffects":true,"showParticleSystems":true},"in2DMode":false,"pivot":{"x":489.38623046875,"y":298.622314453125,"z":78.76995849609375},"rotation":{"x":0.02849009446799755,"y":-0.02098999172449112,"z":0.000594342069234699,"w":0.999383807182312},"size":673.2708129882813,"orthographic":false}