{"cameraMode":{"drawMode":0,"name":"Shaded","section":"Shading Mode"},"sceneLighting":true,"audioPlay":false,"sceneViewState":{"showFog":true,"showMaterialUpdate":false,"showSkybox":true,"showFlares":true,"showImageEffects":true,"showParticleSystems":true},"in2DMode":false,"pivot":{"x":523.9367065429688,"y":320.8541259765625,"z":80.46331787109375},"rotation":{"x":0.014999463222920895,"y":1.8697429027270119e-7,"z":-0.000003979748271376593,"w":0.9998980760574341},"size":1245.431884765625,"orthographic":false}